排名靠前的网页,点击次数,展示,点击率,排名
https://linkdolls.com/collections/fake-pussy-fake-vagina-sex-toys,111,2802,3.96%,24.63
https://linkdolls.com/de/collections/fake-pussy-fake-vagina-sex-toys,3,175,1.71%,19.1
https://linkdolls.com/en-fi/collections/fake-pussy-fake-vagina-sex-toys,2,179,1.12%,15.16
https://linkdolls.com/collections/fake-pussy-fake-vagina-sex-toys?page=2,0,41,0%,10.93
https://linkdolls.com/collections/fake-pussy-fake-vagina-sex-toys?page=17,0,20,0%,10.25
https://linkdolls.com/en-ca/collections/fake-pussy-fake-vagina-sex-toys?page=6,0,16,0%,9.25
https://linkdolls.com/collections/fake-pussy-fake-vagina-sex-toys?page=3,0,10,0%,12.9
https://linkdolls.com/collections/fake-pussy-fake-vagina-sex-toys?page=4,0,10,0%,16.6
https://linkdolls.com/collections/fake-pussy-fake-vagina-sex-toys?page=6,0,7,0%,6.71
https://linkdolls.com/collections/fake-pussy-fake-vagina-sex-toys?page=5,0,5,0%,6.8
https://linkdolls.com/en-fi/collections/fake-pussy-fake-vagina-sex-toys?page=3,0,4,0%,47.75
https://linkdolls.com/collections/fake-pussy-fake-vagina-sex-toys?page=15,0,2,0%,3.5