热门查询,点击次数,展示,点击率,排名
sex doll head,115,496,23.19%,2.1
sex doll heads,46,127,36.22%,1.61
sexdoll head,16,70,22.86%,2.3
sex doll face,8,73,10.96%,3.66
sex doll head only,8,34,23.53%,1.65
sex doll head blowjob,6,20,30%,1.5
blowjob head toy,6,14,42.86%,3.86
blowjob head doll,6,12,50%,1.17
oral sex doll head,4,29,13.79%,3.14
head sex toy,4,26,15.38%,5.88
silicone blowjob head,4,6,66.67%,1.67
sex doll mouth,3,41,7.32%,4.22
blowjob doll head,3,15,20%,2.33
blowjob sex doll head,3,8,37.5%,1
mini sex doll head,3,6,50%,1.67
sex toy head,2,31,6.45%,5.13
blowjob head,2,19,10.53%,7.53
realistic sex doll head,2,11,18.18%,1.55
sex doll blowjob head,2,10,20%,1.8
sucking sex doll head,2,5,40%,1.6
blowjob heads,2,4,50%,2
sex doll head for blowjob,2,3,66.67%,3
sex head,1,36,2.78%,6.03
blowjob doll,1,22,4.55%,13.32
linkdolls,1,21,4.76%,2.67
head sex doll,1,19,5.26%,5
mouth sex doll,1,9,11.11%,6.78
deep throat sex doll,1,9,11.11%,15
sex dolls with head,1,8,12.5%,8.25
doll head sex toy,1,7,14.29%,6.29
sex doll head oral,1,5,20%,1
head sexdoll,1,5,20%,1.6
blow job dolls,1,5,20%,10
sexdoll head only,1,4,25%,1.25
oral head,1,4,25%,6.25
head fleshlight,1,4,25%,7
sexdoll,1,4,25%,59.75
blowjob toy head,1,3,33.33%,2
sex dolls mouth,1,3,33.33%,5
oral sex dolls,1,3,33.33%,14
deepthroat sex doll,1,3,33.33%,20.67
oral sex toy head,1,2,50%,1.5
head for sex,1,2,50%,3.5
sex doll head cheap,1,2,50%,8
blowjob sex toy head,1,1,100%,1
sex doll.head,1,1,100%,1
sex dolls head,1,1,100%,1
realistic head sex toy,1,1,100%,4
decapitated head sex toy,1,1,100%,6
sexdoll oral,1,1,100%,11
sexy doll blowjob,1,1,100%,24
hyper realistic sexdoll,1,1,100%,56
dildo head,0,22,0%,5.45
sex doll with head,0,22,0%,7.27
sex doll with face,0,20,0%,7.65
blowjob sex doll,0,16,0%,15.25
sex doll blowjob,0,15,0%,22.8
sex doll with mouth,0,13,0%,7.46
headless sex dolls,0,11,0%,18.55
sexdoll heads,0,9,0%,4.44
blowjob head sex toy,0,8,0%,4.88
deepthroat doll,0,8,0%,14.75
facefucking sex doll,0,7,0%,6
sexdoll torso with head,0,7,0%,9.86
torso with head sex doll,0,7,0%,18.71
where can i get head,0,6,0%,10.17
realistic blow job,0,6,0%,16.33
realistic sexdoll,0,6,0%,31.5
ultra realistic sex dolls,0,6,0%,73.5
linkdolls.com,0,5,0%,1
doll head sex,0,5,0%,2.4
heads sex,0,5,0%,3
deepthroat sex doll head,0,5,0%,4
sex doll throat,0,5,0%,5.8
sexdoll mouth,0,4,0%,2.5
love doll head,0,4,0%,3.25
sexdoll head blowjob,0,4,0%,3.5
head for sex doll,0,4,0%,4
erotic head,0,4,0%,4.5
facefuck doll,0,4,0%,5
sex doll lips,0,4,0%,5.25
blow job head,0,4,0%,5.5
full head sex toy,0,4,0%,6
blowjob sexdoll,0,4,0%,7.25
facefuck sex toy,0,4,0%,8
head sex,0,4,0%,16.5
sex doll deepthroat,0,4,0%,19.5
best sex dolls sexshop,0,4,0%,50.5
sex doll faces,0,3,0%,1
sex doll head for sale,0,3,0%,3.67
face sitting doll,0,3,0%,4
male sex doll head,0,3,0%,5
realdoll head,0,3,0%,5.67
big lips sex doll,0,3,0%,6
doll face sex,0,3,0%,6
licking sex doll,0,3,0%,6
sex doll with tongue,0,3,0%,7.33
sex doll torso head,0,3,0%,8
sex doll head amazon,0,3,0%,10.67
custom sex doll head,0,3,0%,17.67
vgjot sex doll,0,3,0%,17.67
sexdoll realistic,0,3,0%,27.33
real looking sex dolls,0,3,0%,33
realistic sex doll face,0,2,0%,1
realistic mouth sex toy,0,2,0%,4
sex heads,0,2,0%,4
facesitting sex doll,0,2,0%,4.5
sex doll open mouth,0,2,0%,5
blowjob head only,0,2,0%,6
doll face blowjob,0,2,0%,7.5
oral doll,0,2,0%,7.5
fleshlight head,0,2,0%,8.5
deepthroat dolls,0,2,0%,9
head pocket pussy,0,2,0%,9
sex dolls with face,0,2,0%,9
silicon doll blowjob,0,2,0%,9
silicone doll blowjob,0,2,0%,9
sex-head,0,2,0%,10.5
open sex doll,0,2,0%,12
sex doll tongue,0,2,0%,12.5
anime sex doll head,0,2,0%,14
head sex toys,0,2,0%,14
ros sex doll head,0,2,0%,14
sex doll blow job,0,2,0%,18
custom face sex doll,0,2,0%,21
pocket sexdoll,0,2,0%,21
sex manikin,0,2,0%,21
blow job doll,0,2,0%,21.5
sexdoll vagina,0,2,0%,27.5
fuck dolls,0,2,0%,33
rubber sexdoll,0,2,0%,38.5
sex doll,0,2,0%,40
mini sex doll,0,2,0%,52
facesitting doll,0,2,0%,58.5
hyper realistic sex doll,0,2,0%,63.5
super realistic sex doll,0,2,0%,65.5
bf sex doll,0,2,0%,69.5
fleshlight toy sex,0,2,0%,91.5
doll head blowjob,0,1,0%,1
head only sex doll,0,1,0%,1
sex doll mouth open,0,1,0%,1
best sex doll head,0,1,0%,2
for blowjob,0,1,0%,2
sex head toy,0,1,0%,2
sexdoll face,0,1,0%,2
head,0,1,0%,3
mouth sexdoll,0,1,0%,3
sex doll head xxx,0,1,0%,3
sex dolls with heads,0,1,0%,4
xxx doll face,0,1,0%,4
oralhole,0,1,0%,5
pocket pussy head,0,1,0%,5
sex doll head canada,0,1,0%,5
blowjob lips toy,0,1,0%,6
face fuck doll,0,1,0%,6
facefuck sexdoll,0,1,0%,6
facefuck toy,0,1,0%,6
replacing sex doll,0,1,0%,7
sex doll facial,0,1,0%,7
doll blowjob,0,1,0%,8
male sex doll blowjob,0,1,0%,8
masturbator head,0,1,0%,8
open mouth sex doll,0,1,0%,8
sex doll custom head,0,1,0%,8
sex with head,0,1,0%,8
bj sex doll,0,1,0%,9
blow job sex doll,0,1,0%,9
facefuck sex doll,0,1,0%,9
fuck doll mouth,0,1,0%,9
full size sex doll with head,0,1,0%,9
furry head masturbator,0,1,0%,9
head and torso sex doll,0,1,0%,9
human sex doll pasta,0,1,0%,9
suction sex doll,0,1,0%,9
blow up sex doll face,0,1,0%,10
blowjob dolls,0,1,0%,10
face pussy toy,0,1,0%,10
face sitting toys,0,1,0%,10
kissing sexdoll,0,1,0%,10
sexdoll blowjob,0,1,0%,10
silicone sex doll blowjob,0,1,0%,10
real doll blowjob,0,1,0%,11
sex doll part,0,1,0%,12
ai sex doll head,0,1,0%,13
most realistic blow job toy,0,1,0%,14
sexdoll deepthroat,0,1,0%,14
sextoy head,0,1,0%,14
sex doll blow jobs,0,1,0%,16
fuck my face toy,0,1,0%,17
realistic sex mannequin,0,1,0%,18
mini sex doll leah the lifelike auto oral evo silicone,0,1,0%,22
torso sex doll with head,0,1,0%,22
sex doll oral sex,0,1,0%,24
sex doll bj,0,1,0%,27
swxdoll,0,1,0%,28
cute sex dolls,0,1,0%,29
jho sex doll,0,1,0%,30
sxdoll,0,1,0%,30
fake sex dolls,0,1,0%,34
female sex doll,0,1,0%,34
latex sexdoll,0,1,0%,35
sucking sex doll,0,1,0%,39
blowjob simulation,0,1,0%,40
dildo on head,0,1,0%,45
sex doll head stand,0,1,0%,46
realistic sex dolls sexshop,0,1,0%,48
human looking sex dolls,0,1,0%,54
adult sex doll,0,1,0%,60
zelex doll head,0,1,0%,62
electronic sex doll,0,1,0%,76
blowjob simulator homemade,0,1,0%,78
sex doll torso with head,0,1,0%,78
figure sexdoll,0,1,0%,80
real looking sex doll,0,1,0%,81
adult silicone sex doll,0,1,0%,82
mini sexdoll,0,1,0%,83
she hulk sex doll,0,1,0%,86
erotic sex doll,0,1,0%,93
mini sex dolls,0,1,0%,118
sex dolls online,0,1,0%,138
anatomically correct sex doll,0,1,0%,170